,session_name,timestamp,27261,27226,27263
0,formation,1630387593,0,-1,0
1,formation,1630387594,1,-1,0
2,formation,1630387595,1,-1,0
3,formation,1630387596,1,-1,0
4,formation,1630387597,1,-1,0
5,formation,1630387598,1,-1,0
6,formation,1630387599,1,-1,0
7,formation,1630387600,1,-1,0
8,formation,1630387601,1,-1,0
9,formation,1630387602,1,-1,0
10,formation,1630387603,1,-1,0
11,formation,1630387604,1,-1,0
12,formation,1630387605,1,-1,0
13,formation,1630387606,1,-1,0
14,formation,1630387607,1,-1,0
15,formation,1630387608,1,-1,0
16,formation,1630387609,1,-1,0
17,formation,1630387610,1,-1,0
18,formation,1630387611,1,-1,0
19,formation,1630387612,1,-1,0
20,formation,1630387613,1,-1,0
21,formation,1630387614,1,-1,0
22,formation,1630387615,1,-1,0
23,formation,1630387616,1,-1,0
24,formation,1630387617,1,-1,0
25,formation,1630387618,1,-1,0
26,formation,1630387619,1,-1,0
27,formation,1630387620,1,-1,0
28,formation,1630387621,1,-1,0
29,formation,1630387622,1,-1,0
30,formation,1630387623,1,-1,0
31,formation,1630387624,1,-1,0
32,formation,1630387625,1,-1,0
33,formation,1630387626,1,-1,0
34,formation,1630387627,1,-1,0
35,formation,1630387628,1,-1,0
36,formation,1630387629,1,-1,0
37,formation,1630387630,1,-1,0
38,formation,1630387631,1,-1,0
39,formation,1630387632,1,-1,0
40,formation,1630387633,1,-1,0
41,formation,1630387634,1,-1,0
42,formation,1630387635,1,-1,0
43,formation,1630387636,1,-1,0
44,formation,1630387637,1,-1,0
45,formation,1630387638,1,-1,0
46,formation,1630387639,1,-1,0
47,formation,1630387640,1,-1,0
48,formation,1630387641,1,-1,0
49,formation,1630387642,1,-1,0
50,formation,1630387643,1,-1,0
51,formation,1630387644,1,-1,0
52,formation,1630387645,1,-1,0
53,formation,1630387646,1,-1,0
54,formation,1630387647,1,-1,0
55,formation,1630387648,0,-1,0
56,formation,1630387649,0,-1,0
57,formation,1630387650,0,-1,0
58,formation,1630387651,0,-1,0
59,formation,1630387652,0,-1,0
60,formation,1630387653,0,-1,0
61,formation,1630387654,0,-1,0
62,formation,1630387655,1,-1,0
63,formation,1630387656,1,-1,0
64,formation,1630387657,1,-1,0
65,formation,1630387658,1,-1,0
66,formation,1630387659,0,-1,0
67,formation,1630387660,0,-1,0
68,formation,1630387661,0,-1,0
69,formation,1630387662,0,-1,0
70,formation,1630387663,0,-1,0
71,formation,1630387664,1,-1,0
72,formation,1630387665,1,-1,0
73,formation,1630387666,1,-1,0
74,formation,1630387667,1,-1,0
75,formation,1630387668,1,-1,0
76,formation,1630387669,0,-1,0
77,formation,1630387670,0,-1,0
78,formation,1630387671,0,-1,0
79,formation,1630387672,1,-1,0
80,formation,1630387673,1,-1,0
81,formation,1630387674,1,-1,0
82,formation,1630387675,1,-1,0
83,formation,1630387676,1,-1,0
84,formation,1630387677,1,-1,0
85,formation,1630387678,1,-1,0
86,formation,1630387679,1,-1,0
87,formation,1630387680,1,-1,0
88,formation,1630387681,1,-1,0
89,formation,1630387682,1,-1,0
90,formation,1630387683,1,-1,0
91,formation,1630387684,1,-1,0
92,formation,1630387685,1,-1,0
93,formation,1630387686,1,-1,0
94,formation,1630387687,1,-1,0
95,formation,1630387688,1,-1,0
96,formation,1630387689,1,-1,0
97,formation,1630387690,1,-1,0
98,formation,1630387691,1,-1,0
99,formation,1630387692,1,-1,0
100,formation,1630387693,1,-1,0
101,formation,1630387694,1,-1,0
102,formation,1630387695,1,-1,0
103,formation,1630387696,1,-1,0
104,formation,1630387697,1,-1,0
105,formation,1630387698,1,-1,0
106,formation,1630387699,1,-1,0
107,formation,1630387700,1,-1,0
108,formation,1630387701,1,-1,0
109,formation,1630387702,1,-1,0
110,formation,1630387703,1,-1,0
111,formation,1630387704,1,-1,0
112,formation,1630387705,1,-1,0
113,formation,1630387706,1,-1,0
114,formation,1630387707,1,-1,0
115,formation,1630387708,1,-1,0
116,formation,1630387709,1,-1,0
117,formation,1630387710,1,-1,0
118,formation,1630387711,1,-1,0
119,formation,1630387712,1,-1,0
120,formation,1630387713,1,-1,0
121,formation,1630387714,1,-1,0
122,formation,1630387715,1,-1,0
123,formation,1630387716,1,-1,0
124,formation,1630387717,1,-1,0
125,formation,1630387718,1,-1,0
126,formation,1630387719,0,-1,0
127,formation,1630387720,0,-1,0
128,formation,1630387721,0,-1,0
129,formation,1630387722,0,-1,0
130,formation,1630387723,0,-1,0
131,formation,1630387724,0,-1,0
132,formation,1630387725,0,-1,0
133,formation,1630387726,0,-1,0
134,formation,1630387727,0,-1,0
135,formation,1630387728,0,-1,0
136,formation,1630387729,0,-1,0
137,formation,1630387730,0,-1,0
138,formation,1630387731,0,-1,0
139,formation,1630387732,0,-1,0
140,formation,1630387733,0,-1,0
141,formation,1630387734,0,-1,0
142,formation,1630387735,0,-1,0
143,formation,1630387736,0,-1,0
144,formation,1630387737,0,-1,0
145,formation,1630387738,0,-1,0
146,formation,1630387739,0,-1,0
147,formation,1630387740,0,-1,0
148,formation,1630387741,0,-1,0
149,formation,1630387742,0,-1,0
150,formation,1630387743,0,-1,0
151,formation,1630387744,0,-1,0
152,formation,1630387745,0,-1,0
153,formation,1630387746,0,-1,0
154,formation,1630387747,0,-1,0
155,formation,1630387748,0,-1,0
156,formation,1630387749,0,-1,0
157,formation,1630387750,0,-1,0
158,formation,1630387751,0,-1,0
159,formation,1630387752,0,-1,0
160,formation,1630387753,0,-1,0
161,formation,1630387754,0,-1,0
162,formation,1630387755,0,-1,0
163,formation,1630387756,0,-1,0
164,formation,1630387757,0,-1,0
165,formation,1630387758,0,-1,0
166,formation,1630387759,0,-1,0
167,formation,1630387760,0,-1,0
168,formation,1630387761,0,-1,0
169,formation,1630387762,0,-1,0
170,formation,1630387763,0,-1,0
171,formation,1630387764,0,-1,0
172,formation,1630387765,0,-1,0
173,formation,1630387766,0,-1,0
174,formation,1630387767,0,-1,0
175,formation,1630387768,0,-1,0
176,formation,1630387769,0,-1,0
177,formation,1630387770,0,-1,0
178,formation,1630387771,0,-1,0
179,formation,1630387772,0,-1,0
180,formation,1630387773,0,-1,0
181,formation,1630387774,0,-1,0
182,formation,1630387775,0,-1,0
183,formation,1630387776,0,-1,0
184,formation,1630387777,0,-1,0
185,formation,1630387778,0,-1,0
186,formation,1630387779,0,-1,0
187,formation,1630387780,0,-1,0
188,formation,1630387781,0,-1,0
189,formation,1630387782,0,-1,0
190,formation,1630387783,0,-1,0
191,formation,1630387784,0,-1,0
192,formation,1630387785,0,-1,0
193,formation,1630387786,0,-1,0
194,formation,1630387787,0,-1,0
195,formation,1630387788,0,-1,0
196,formation,1630387789,0,-1,0
197,formation,1630387790,0,-1,0
198,formation,1630387791,0,-1,0
199,formation,1630387792,0,-1,0
200,formation,1630387793,0,-1,0
201,formation,1630387794,0,-1,0
202,formation,1630387795,0,-1,0
203,formation,1630387796,0,-1,0
204,formation,1630387797,0,-1,0
205,formation,1630387798,0,-1,0
206,formation,1630387799,0,-1,0
207,formation,1630387800,0,-1,0
208,formation,1630387801,0,-1,0
209,formation,1630387802,0,-1,0
210,formation,1630387803,0,-1,0
211,formation,1630387804,0,-1,0
212,formation,1630387805,0,-1,0
213,formation,1630387806,0,-1,0
214,formation,1630387807,0,-1,0
215,formation,1630387808,0,-1,0
216,formation,1630387809,0,-1,0
217,formation,1630387810,0,-1,0
218,formation,1630387811,0,-1,0
219,formation,1630387812,0,-1,0
220,formation,1630387813,0,-1,0
221,formation,1630387814,0,-1,0
222,formation,1630387815,0,-1,0
223,formation,1630387816,1,-1,0
224,formation,1630387817,1,-1,0
225,formation,1630387818,0,-1,0
226,formation,1630387819,1,-1,0
227,formation,1630387820,1,-1,0
228,formation,1630387821,1,-1,0
229,formation,1630387822,1,-1,0
230,formation,1630387823,1,-1,0
231,formation,1630387824,1,-1,0
232,formation,1630387825,1,-1,0
233,formation,1630387826,1,-1,0
234,formation,1630387827,1,-1,0
235,formation,1630387828,1,-1,0
236,formation,1630387829,1,-1,0
237,formation,1630387830,1,-1,0
238,formation,1630387831,1,-1,0
239,formation,1630387832,1,-1,0
240,formation,1630387833,1,-1,0
241,formation,1630387834,1,-1,0
242,formation,1630387835,1,-1,0
243,formation,1630387836,1,-1,0
244,formation,1630387837,1,-1,0
245,formation,1630387838,1,-1,0
246,formation,1630387839,1,-1,0
247,formation,1630387840,1,-1,0
248,formation,1630387841,1,-1,0
249,formation,1630387842,1,-1,0
250,formation,1630387843,1,-1,0
251,formation,1630387844,1,-1,0
252,formation,1630387845,1,-1,0
253,formation,1630387846,1,-1,0
254,formation,1630387847,1,-1,0
255,formation,1630387848,1,-1,0
256,formation,1630387849,1,-1,0
257,formation,1630387850,1,-1,0
258,formation,1630387851,1,-1,0
259,formation,1630387852,1,-1,0
260,formation,1630387853,1,-1,0
261,formation,1630387854,1,-1,0
262,formation,1630387855,1,-1,0
263,formation,1630387856,1,-1,0
264,formation,1630387857,1,-1,0
265,formation,1630387858,1,-1,0
266,formation,1630387859,1,-1,0
267,formation,1630387860,1,-1,0
268,formation,1630387861,1,-1,0
269,formation,1630387862,1,-1,0
270,formation,1630387863,1,-1,0
271,formation,1630387864,1,-1,0
272,formation,1630387865,1,-1,0
273,formation,1630387866,1,-1,0
274,formation,1630387867,1,-1,0
275,formation,1630387868,1,-1,0
276,formation,1630387869,1,-1,0
277,formation,1630387870,1,-1,0
278,formation,1630387871,1,-1,0
279,formation,1630387872,1,-1,0
280,formation,1630387873,1,-1,0
281,formation,1630387874,1,-1,0
282,formation,1630387875,1,-1,0
283,formation,1630387876,1,-1,0
284,formation,1630387877,1,-1,0
285,formation,1630387878,0,-1,0
286,formation,1630387879,0,-1,0
287,formation,1630387880,0,-1,0
288,formation,1630387881,0,-1,0
289,formation,1630387882,0,-1,0
290,formation,1630387883,0,-1,0
291,formation,1630387884,0,-1,0
292,formation,1630387885,0,-1,0
293,formation,1630387886,0,-1,0
294,formation,1630387887,0,-1,0
295,formation,1630387888,0,-1,0
296,formation,1630387889,0,-1,0
297,formation,1630387890,0,-1,0
298,formation,1630387891,0,-1,0
299,formation,1630387892,0,-1,0
300,formation,1630387893,0,-1,0
301,formation,1630387894,0,-1,0
302,formation,1630387895,1,-1,0
303,formation,1630387896,0,-1,0
304,formation,1630387897,0,-1,0
305,formation,1630387898,0,-1,0
306,formation,1630387899,0,-1,0
307,formation,1630387900,0,-1,0
308,formation,1630387901,0,-1,0
309,formation,1630387902,0,-1,0
310,formation,1630387903,0,-1,0
311,formation,1630387904,0,-1,0
312,formation,1630387905,0,-1,0
313,formation,1630387906,0,-1,0
314,formation,1630387907,0,-1,0
315,formation,1630387908,0,-1,0
316,formation,1630387909,0,-1,0
317,formation,1630387910,0,-1,0
318,formation,1630387911,0,-1,0
319,formation,1630387912,0,-1,0
320,formation,1630387913,0,-1,0
321,formation,1630387914,0,-1,0
322,formation,1630387915,0,-1,0
323,formation,1630387916,0,-1,0
324,formation,1630387917,0,-1,0
325,formation,1630387918,0,-1,0
326,formation,1630387919,0,-1,0
327,formation,1630387920,0,-1,0
328,formation,1630387921,0,-1,0
329,formation,1630387922,0,-1,0
330,formation,1630387923,0,-1,0
331,formation,1630387924,0,-1,0
332,formation,1630387925,0,-1,0
333,formation,1630387926,0,-1,0
334,formation,1630387927,0,-1,0
335,formation,1630387928,0,-1,0
336,formation,1630387929,0,-1,0
337,formation,1630387930,0,-1,0
338,formation,1630387931,0,-1,0
339,formation,1630387932,0,-1,0
340,formation,1630387933,0,-1,0
341,formation,1630387934,0,-1,0
342,formation,1630387935,0,-1,0
343,formation,1630387936,0,-1,0
344,formation,1630387937,0,-1,0
345,formation,1630387938,0,-1,0
346,formation,1630387939,0,-1,0
347,formation,1630387940,0,-1,0
348,formation,1630387941,0,-1,0
349,formation,1630387942,0,-1,0
350,formation,1630387943,0,-1,0
351,formation,1630387944,0,-1,0
352,formation,1630387945,0,-1,0
353,formation,1630387946,0,-1,0
354,formation,1630387947,0,-1,0
355,formation,1630387948,0,-1,0
356,formation,1630387949,0,-1,0
357,formation,1630387950,0,-1,0
358,formation,1630387951,0,-1,0
359,formation,1630387952,0,-1,0
360,formation,1630387953,0,-1,0
361,formation,1630387954,0,-1,0
362,formation,1630387955,0,-1,0
363,formation,1630387956,0,-1,0
364,formation,1630387957,0,-1,0
365,formation,1630387958,0,-1,0
366,formation,1630387959,0,-1,0
367,formation,1630387960,0,-1,0
368,formation,1630387961,0,-1,0
369,formation,1630387962,0,-1,0
370,formation,1630387963,0,-1,0
371,formation,1630387964,0,-1,0
372,formation,1630387965,0,-1,0
373,formation,1630387966,0,-1,0
374,formation,1630387967,0,-1,0
375,formation,1630387968,0,-1,0
376,formation,1630387969,0,-1,0
377,formation,1630387970,0,-1,0
378,formation,1630387971,0,-1,0
379,formation,1630387972,0,-1,0
380,formation,1630387973,0,-1,0
381,formation,1630387974,0,-1,0
382,formation,1630387975,0,-1,0
383,formation,1630387976,0,-1,0
384,formation,1630387977,0,-1,0
385,formation,1630387978,0,-1,0
386,formation,1630387979,0,-1,0
387,formation,1630387980,0,-1,0
388,formation,1630387981,0,-1,0
389,formation,1630387982,0,-1,0
390,formation,1630387983,0,-1,0
391,formation,1630387984,0,-1,0
392,formation,1630387985,0,-1,0
393,formation,1630387986,0,-1,0
394,formation,1630387987,0,-1,0
395,formation,1630387988,0,-1,0
396,formation,1630387989,0,-1,0
397,formation,1630387990,0,-1,0
398,formation,1630387991,0,-1,0
399,formation,1630387992,0,-1,0
400,formation,1630387993,0,-1,0
401,formation,1630387994,0,-1,0
402,formation,1630387995,0,-1,0
403,formation,1630387996,0,-1,0
404,formation,1630387997,0,-1,0
405,formation,1630387998,0,-1,0
406,formation,1630387999,0,-1,0
407,formation,1630388000,0,-1,0
408,formation,1630388001,0,-1,0
409,formation,1630388002,0,-1,0
410,formation,1630388003,0,-1,0
411,formation,1630388004,0,-1,0
412,formation,1630388005,0,-1,0
413,formation,1630388006,0,-1,0
414,formation,1630388007,0,-1,0
415,formation,1630388008,0,-1,0
416,formation,1630388009,0,-1,0
417,formation,1630388010,0,-1,0
418,formation,1630388011,0,-1,0
419,formation,1630388012,0,-1,0
420,formation,1630388013,0,-1,0
421,formation,1630388014,0,-1,0
422,formation,1630388015,0,-1,0
423,formation,1630388016,0,-1,0
424,formation,1630388017,0,-1,0
425,formation,1630388018,0,-1,0
426,formation,1630388019,0,-1,0
427,formation,1630388020,0,-1,0
428,formation,1630388021,0,-1,0
429,formation,1630388022,0,-1,0
430,formation,1630388023,0,-1,0
431,formation,1630388024,0,-1,0
432,formation,1630388025,0,-1,0
433,formation,1630388026,0,-1,0
434,formation,1630388027,0,-1,0
435,formation,1630388028,0,-1,0
436,formation,1630388029,0,-1,0
437,formation,1630388030,0,-1,0
438,formation,1630388031,0,-1,0
439,formation,1630388032,0,-1,0
440,formation,1630388033,0,-1,0
441,formation,1630388034,0,-1,0
442,formation,1630388035,0,-1,0
443,formation,1630388036,0,-1,0
444,formation,1630388037,0,-1,0
445,formation,1630388038,0,-1,0
446,formation,1630388039,0,-1,0
447,formation,1630388040,0,-1,0
448,formation,1630388041,0,-1,0
449,formation,1630388042,0,-1,0
450,formation,1630388043,0,-1,0
451,formation,1630388044,0,-1,0
452,formation,1630388045,0,-1,0
453,formation,1630388046,0,-1,0
454,formation,1630388047,0,-1,0
455,formation,1630388048,0,-1,0
456,formation,1630388049,0,-1,0
457,formation,1630388050,0,-1,0
458,formation,1630388051,0,-1,0
459,formation,1630388052,0,-1,0
460,formation,1630388053,0,-1,0
461,formation,1630388054,0,-1,0
462,formation,1630388055,0,-1,0
463,formation,1630388056,0,-1,0
464,formation,1630388057,0,-1,0
465,formation,1630388058,0,-1,0
466,formation,1630388059,0,-1,0
467,formation,1630388060,0,-1,0
468,formation,1630388061,0,-1,0
469,formation,1630388062,0,-1,0
470,formation,1630388063,0,-1,0
471,formation,1630388064,0,-1,0
472,formation,1630388065,0,-1,0
473,formation,1630388066,0,-1,0
474,formation,1630388067,0,-1,0
475,formation,1630388068,0,-1,0
476,formation,1630388069,0,-1,0
477,formation,1630388070,0,-1,0
478,formation,1630388071,0,-1,0
479,formation,1630388072,0,-1,0
480,formation,1630388073,0,-1,0
481,formation,1630388074,0,-1,0
482,formation,1630388075,0,-1,0
483,formation,1630388076,0,-1,0
484,formation,1630388077,0,-1,0
485,formation,1630388078,0,-1,0
486,formation,1630388079,0,-1,0
487,formation,1630388080,0,-1,0
488,formation,1630388081,0,-1,0
489,formation,1630388082,0,-1,0
490,formation,1630388083,0,-1,0
491,formation,1630388084,0,-1,0
492,formation,1630388085,0,-1,0
493,formation,1630388086,0,-1,0
494,formation,1630388087,0,-1,0
495,formation,1630388088,0,-1,0
496,formation,1630388089,0,-1,0
497,formation,1630388090,0,-1,0
498,formation,1630388091,0,-1,0
499,formation,1630388092,0,-1,0
500,formation,1630388093,0,-1,0
501,formation,1630388094,0,-1,0
502,formation,1630388095,0,-1,0
503,formation,1630388096,0,-1,0
504,formation,1630388097,0,-1,0
505,formation,1630388098,0,-1,0
506,formation,1630388099,0,-1,0
507,formation,1630388100,0,-1,0
508,formation,1630388101,0,-1,0
509,formation,1630388102,0,-1,0
510,formation,1630388103,0,-1,0
511,formation,1630388104,0,-1,0
512,formation,1630388105,0,-1,0
513,formation,1630388106,0,-1,0
514,formation,1630388107,0,-1,0
515,formation,1630388108,0,-1,0
516,formation,1630388109,0,-1,0
517,formation,1630388110,0,-1,0
518,formation,1630388111,0,-1,0
519,formation,1630388112,0,-1,0
520,formation,1630388113,0,-1,0
521,formation,1630388114,0,-1,0
522,formation,1630388115,0,-1,0
523,formation,1630388116,0,-1,0
524,formation,1630388117,0,-1,0
525,formation,1630388118,0,-1,0
526,formation,1630388119,0,-1,0
527,formation,1630388120,0,-1,0
528,formation,1630388121,0,-1,0
529,formation,1630388122,0,-1,0
530,formation,1630388123,0,-1,0
531,formation,1630388124,0,-1,0
532,formation,1630388125,0,-1,0
533,formation,1630388126,0,-1,0
534,formation,1630388127,0,-1,0
535,formation,1630388128,0,-1,0
536,formation,1630388129,0,-1,0
537,formation,1630388130,0,-1,0
538,formation,1630388131,0,-1,0
539,formation,1630388132,0,-1,0
540,formation,1630388133,0,-1,0
541,formation,1630388134,0,-1,0
542,formation,1630388135,0,-1,0
543,formation,1630388136,0,-1,0
544,formation,1630388137,0,-1,0
545,formation,1630388138,0,-1,0
546,formation,1630388139,0,-1,0
547,formation,1630388140,0,-1,0
548,formation,1630388141,0,-1,0
549,formation,1630388142,0,-1,0
550,formation,1630388143,0,-1,0
551,formation,1630388144,0,-1,0
552,formation,1630388145,0,-1,0
553,formation,1630388146,0,-1,0
554,formation,1630388147,0,-1,0
555,formation,1630388148,0,-1,0
556,formation,1630388149,0,-1,0
557,formation,1630388150,0,-1,0
558,formation,1630388151,0,-1,0
559,formation,1630388152,0,-1,0
560,formation,1630388153,0,-1,0
561,formation,1630388154,0,-1,0
562,formation,1630388155,0,-1,0
563,formation,1630388156,0,-1,0
564,formation,1630388157,0,-1,0
565,formation,1630388158,0,-1,0
566,formation,1630388159,0,-1,0
567,formation,1630388160,0,-1,0
568,formation,1630388161,0,-1,0
569,formation,1630388162,0,-1,0
570,formation,1630388163,0,-1,0
571,formation,1630388164,0,-1,0
572,formation,1630388165,0,-1,0
573,formation,1630388166,0,-1,0
574,formation,1630388167,0,-1,0
575,formation,1630388168,0,-1,0
576,formation,1630388169,0,-1,0
577,formation,1630388170,0,-1,0
578,formation,1630388171,0,-1,0
579,formation,1630388172,0,-1,0
580,formation,1630388173,0,-1,0
581,formation,1630388174,0,-1,0
582,formation,1630388175,0,-1,0
583,formation,1630388176,0,-1,0
584,formation,1630388177,0,-1,0
585,formation,1630388178,0,-1,0
586,formation,1630388179,0,-1,0
587,formation,1630388180,0,-1,0
588,formation,1630388181,0,-1,0
589,formation,1630388182,0,-1,0
590,formation,1630388183,0,-1,0
591,formation,1630388184,0,-1,0
592,formation,1630388185,0,-1,0
593,formation,1630388186,0,-1,0
594,formation,1630388187,0,-1,0
595,formation,1630388188,0,-1,0
596,formation,1630388189,0,-1,0
597,formation,1630388190,0,-1,0
598,formation,1630388191,0,-1,0
599,formation,1630388192,0,-1,0
600,formation,1630388193,0,-1,0
601,formation,1630388194,0,-1,0
602,formation,1630388195,0,-1,0
603,formation,1630388196,0,-1,0
604,formation,1630388197,0,-1,0
605,formation,1630388198,0,-1,0
606,formation,1630388199,0,-1,0
607,formation,1630388200,0,-1,0
608,formation,1630388201,0,-1,0
609,formation,1630388202,0,-1,0
610,formation,1630388203,0,-1,0
611,formation,1630388204,0,-1,0
612,formation,1630388205,0,-1,0
613,formation,1630388206,0,-1,0
614,formation,1630388207,0,-1,0
615,formation,1630388208,0,-1,0
616,formation,1630388209,0,-1,0
617,formation,1630388210,0,-1,0
618,formation,1630388211,0,-1,0
619,formation,1630388212,0,-1,0
620,formation,1630388213,0,-1,0
621,formation,1630388214,0,-1,0
622,formation,1630388215,0,-1,0
623,formation,1630388216,0,-1,0
624,formation,1630388217,0,-1,0
625,formation,1630388218,0,-1,0
626,formation,1630388219,0,-1,0
627,formation,1630388220,0,-1,0
628,formation,1630388221,0,-1,0
629,formation,1630388222,0,-1,0
630,formation,1630388223,1,-1,0
631,formation,1630388224,1,-1,0
632,formation,1630388225,1,-1,0
633,formation,1630388226,1,-1,0
634,formation,1630388227,0,-1,0
635,formation,1630388228,0,-1,0
636,formation,1630388229,0,-1,0
637,formation,1630388230,0,-1,0
638,formation,1630388231,0,-1,0
639,formation,1630388232,0,-1,0
640,formation,1630388233,0,-1,0
641,formation,1630388234,0,-1,0
642,formation,1630388235,0,-1,0
643,formation,1630388236,0,-1,0
644,formation,1630388237,0,-1,0
645,formation,1630388238,0,-1,0
646,formation,1630388239,0,-1,0
647,formation,1630388240,0,-1,0
648,formation,1630388241,0,-1,0
649,formation,1630388242,0,-1,0
650,formation,1630388243,0,-1,0
651,formation,1630388244,0,-1,0
652,formation,1630388245,0,-1,0
653,formation,1630388246,0,-1,0
654,formation,1630388247,0,-1,0
655,formation,1630388248,0,-1,0
656,formation,1630388249,0,-1,0
657,formation,1630388250,0,-1,0
658,formation,1630388251,0,-1,0
659,formation,1630388252,0,-1,0
660,formation,1630388253,0,-1,0
661,formation,1630388254,0,-1,0
662,formation,1630388255,0,-1,0
663,formation,1630388256,0,-1,0
664,formation,1630388257,0,-1,0
665,formation,1630388258,0,-1,0
666,formation,1630388259,0,-1,0
667,formation,1630388260,0,-1,0
668,formation,1630388261,0,-1,0
669,formation,1630388262,0,-1,0
670,formation,1630388263,0,-1,0
671,formation,1630388264,0,-1,0
672,formation,1630388265,0,-1,0
673,formation,1630388266,0,-1,0
674,formation,1630388267,0,-1,0
675,formation,1630388268,0,-1,0
676,formation,1630388269,0,-1,0
677,formation,1630388270,0,-1,0
678,formation,1630388271,0,-1,0
679,formation,1630388272,0,-1,0
680,formation,1630388273,0,-1,0
681,formation,1630388274,0,-1,0
682,formation,1630388275,0,-1,0
683,formation,1630388276,0,-1,0
684,formation,1630388277,0,-1,0
685,formation,1630388278,0,-1,0
686,formation,1630388279,0,-1,0
687,formation,1630388280,0,-1,0
688,formation,1630388281,0,-1,0
689,formation,1630388282,0,-1,0
690,formation,1630388283,0,-1,0
691,formation,1630388284,0,-1,0
692,formation,1630388285,0,-1,0
693,formation,1630388286,0,-1,0
694,formation,1630388287,0,-1,0
695,formation,1630388288,0,-1,0
696,formation,1630388289,0,-1,0
697,formation,1630388290,0,-1,0
698,formation,1630388291,0,-1,0
699,formation,1630388292,0,-1,0
700,formation,1630388293,0,-1,0
701,formation,1630388294,0,-1,0
702,formation,1630388295,0,-1,0
703,formation,1630388296,0,-1,0
704,formation,1630388297,0,-1,0
705,formation,1630388298,0,-1,0
706,formation,1630388299,0,-1,0
707,formation,1630388300,1,-1,0
708,formation,1630388301,0,-1,0
709,formation,1630388302,0,-1,0
710,formation,1630388303,0,-1,0
711,formation,1630388304,0,-1,0
712,formation,1630388305,0,-1,0
713,formation,1630388306,0,-1,0
714,formation,1630388307,0,-1,0
715,formation,1630388308,0,-1,0
716,formation,1630388309,0,-1,0
717,formation,1630388310,0,-1,0
718,formation,1630388311,0,-1,0
719,formation,1630388312,0,-1,0
720,formation,1630388313,0,-1,0
721,formation,1630388314,0,-1,0
722,formation,1630388315,0,-1,0
723,formation,1630388316,0,-1,0
724,formation,1630388317,0,-1,0
725,formation,1630388318,0,-1,0
726,formation,1630388319,0,-1,0
727,formation,1630388320,0,-1,0
728,formation,1630388321,0,-1,0
729,formation,1630388322,0,-1,0
730,formation,1630388323,0,-1,0
731,formation,1630388324,0,-1,0
732,formation,1630388325,0,-1,0
733,formation,1630388326,0,-1,0
734,formation,1630388327,0,-1,0
735,formation,1630388328,0,-1,0
736,formation,1630388329,0,-1,0
737,formation,1630388330,0,-1,0
738,formation,1630388331,0,-1,0
739,formation,1630388332,0,-1,0
740,formation,1630388333,0,-1,0
741,formation,1630388334,0,-1,0
742,formation,1630388335,0,-1,0
743,formation,1630388336,0,-1,1
744,formation,1630388337,0,-1,1
745,formation,1630388338,0,-1,1
746,formation,1630388339,0,-1,1
747,formation,1630388340,0,-1,1
748,formation,1630388341,0,-1,1
749,formation,1630388342,0,-1,1
750,formation,1630388343,0,-1,1
751,formation,1630388344,0,-1,1
752,formation,1630388345,0,-1,1
753,formation,1630388346,0,-1,1
754,formation,1630388347,0,-1,1
755,formation,1630388348,0,-1,1
756,formation,1630388349,0,-1,1
757,formation,1630388350,0,-1,1
758,formation,1630388351,0,-1,1
759,formation,1630388352,0,-1,1
760,formation,1630388353,0,-1,1
761,formation,1630388354,0,-1,1
762,formation,1630388355,0,-1,1
763,formation,1630388356,0,-1,1
764,formation,1630388357,0,-1,1
765,formation,1630388358,0,-1,1
766,formation,1630388359,0,-1,1
767,formation,1630388360,0,-1,1
768,formation,1630388361,0,-1,1
769,formation,1630388362,0,-1,1
770,formation,1630388363,0,-1,1
771,formation,1630388364,0,-1,1
772,formation,1630388365,0,-1,1
773,formation,1630388366,0,-1,1
774,formation,1630388367,0,-1,1
775,formation,1630388368,0,-1,0
776,formation,1630388369,0,-1,1
777,formation,1630388370,0,-1,0
778,formation,1630388371,0,-1,0
779,formation,1630388372,0,-1,0
780,formation,1630388373,0,-1,0
781,formation,1630388374,0,-1,0
782,formation,1630388375,0,-1,0
783,formation,1630388376,0,-1,0
784,formation,1630388377,0,-1,0
785,formation,1630388378,0,-1,0
786,formation,1630388379,0,-1,0
787,formation,1630388380,0,-1,1
788,formation,1630388381,0,-1,1
789,formation,1630388382,0,-1,1
790,formation,1630388383,0,-1,1
791,formation,1630388384,0,-1,1
792,formation,1630388385,0,-1,1
793,formation,1630388386,1,-1,1
794,formation,1630388387,1,-1,1
795,formation,1630388388,1,-1,1
796,formation,1630388389,1,-1,1
797,formation,1630388390,1,-1,0
798,formation,1630388391,0,-1,0
799,formation,1630388392,0,-1,1
800,formation,1630388393,0,-1,0
801,formation,1630388394,0,-1,0
802,formation,1630388395,0,-1,1
803,formation,1630388396,1,-1,1
804,formation,1630388397,1,-1,1
805,formation,1630388398,0,-1,0
806,formation,1630388399,0,-1,0
807,formation,1630388400,0,-1,0
808,formation,1630388401,0,-1,0
809,formation,1630388402,0,-1,0
810,formation,1630388403,0,-1,0
811,formation,1630388404,0,-1,0
812,formation,1630388405,0,-1,0
813,formation,1630388406,0,-1,0
814,formation,1630388407,0,-1,0
815,formation,1630388408,0,-1,0
816,formation,1630388409,0,-1,0
817,formation,1630388410,0,-1,0
818,formation,1630388411,0,-1,0
819,formation,1630388412,0,-1,0
820,formation,1630388413,0,-1,0
821,formation,1630388414,0,-1,0
822,formation,1630388415,0,-1,0
823,formation,1630388416,0,-1,0
824,formation,1630388417,0,-1,0
825,formation,1630388418,0,-1,0
826,formation,1630388419,0,-1,0
827,formation,1630388420,0,-1,0
828,formation,1630388421,0,-1,0
829,formation,1630388422,0,-1,0
830,formation,1630388423,0,-1,0
831,formation,1630388424,0,-1,0
832,formation,1630388425,0,-1,0
833,formation,1630388426,0,-1,0
834,formation,1630388427,0,-1,1
835,formation,1630388428,0,-1,1
836,formation,1630388429,0,-1,1
837,formation,1630388430,0,-1,1
838,formation,1630388431,0,-1,0
839,formation,1630388432,0,-1,0
840,formation,1630388433,0,-1,0
841,formation,1630388434,0,-1,0
842,formation,1630388435,0,-1,0
843,formation,1630388436,0,-1,0
844,formation,1630388437,0,-1,0
845,formation,1630388438,0,-1,1
846,formation,1630388439,0,-1,1
847,formation,1630388440,0,-1,0
848,formation,1630388441,0,-1,1
849,formation,1630388442,0,-1,1
850,formation,1630388443,0,-1,0
851,formation,1630388444,0,-1,0
852,formation,1630388445,0,-1,1
853,formation,1630388446,0,-1,1
854,formation,1630388447,0,-1,1
855,formation,1630388448,0,-1,1
856,formation,1630388449,0,-1,1
857,formation,1630388450,0,-1,1
858,formation,1630388451,0,-1,1
859,formation,1630388452,0,-1,1
860,formation,1630388453,0,-1,1
861,formation,1630388454,0,-1,1
862,formation,1630388455,0,-1,1
863,formation,1630388456,0,-1,0
864,formation,1630388457,0,-1,0
865,formation,1630388458,0,-1,0
866,formation,1630388459,0,-1,1
867,formation,1630388460,0,-1,1
868,formation,1630388461,0,-1,0
869,formation,1630388462,0,-1,0
870,formation,1630388463,0,-1,0
871,formation,1630388464,0,-1,0
872,formation,1630388465,0,-1,0
873,formation,1630388466,0,-1,0
874,formation,1630388467,0,-1,0
875,formation,1630388468,0,-1,0
876,formation,1630388469,0,-1,0
877,formation,1630388470,0,-1,1
878,formation,1630388471,0,-1,0
879,formation,1630388472,0,-1,0
880,formation,1630388473,0,-1,0
881,formation,1630388474,0,-1,1
882,formation,1630388475,0,-1,1
883,formation,1630388476,0,-1,1
884,formation,1630388477,0,-1,1
885,formation,1630388478,0,-1,1
886,formation,1630388479,0,-1,1
887,formation,1630388480,0,-1,1
888,formation,1630388481,0,-1,1
889,formation,1630388482,0,-1,1
890,formation,1630388483,0,-1,1
891,formation,1630388484,0,-1,1
892,formation,1630388485,0,-1,1
893,formation,1630388486,0,-1,1
894,formation,1630388487,0,-1,1
895,formation,1630388488,0,-1,1
896,formation,1630388489,0,-1,1
897,formation,1630388490,0,-1,1
898,formation,1630388491,0,-1,1
899,formation,1630388492,0,-1,1
900,formation,1630388493,0,-1,1
901,formation,1630388494,0,-1,1
902,formation,1630388495,0,-1,1
903,formation,1630388496,0,-1,1
904,formation,1630388497,0,-1,1
905,formation,1630388498,0,-1,1
906,formation,1630388499,0,-1,1
907,formation,1630388500,0,-1,1
908,formation,1630388501,0,-1,1
909,formation,1630388502,0,-1,1
910,formation,1630388503,0,-1,1
911,formation,1630388504,0,-1,1
912,formation,1630388505,0,-1,1
913,formation,1630388506,0,-1,1
914,formation,1630388507,0,-1,1
915,formation,1630388508,0,-1,1
916,formation,1630388509,0,-1,1
917,formation,1630388510,0,-1,1
918,formation,1630388511,0,-1,1
919,formation,1630388512,0,-1,1
920,formation,1630388513,0,-1,1
921,formation,1630388514,0,-1,1
922,formation,1630388515,0,-1,1
923,formation,1630388516,0,-1,1
924,formation,1630388517,0,-1,1
925,formation,1630388518,0,-1,1
926,formation,1630388519,0,-1,1
927,formation,1630388520,0,-1,1
928,formation,1630388521,0,-1,1
929,formation,1630388522,0,-1,1
930,formation,1630388523,0,-1,1
931,formation,1630388524,0,-1,1
932,formation,1630388525,0,-1,1
933,formation,1630388526,0,-1,1
934,formation,1630388527,0,-1,1
935,formation,1630388528,0,-1,1
936,formation,1630388529,0,-1,1
937,formation,1630388530,0,-1,1
938,formation,1630388531,0,-1,1
939,formation,1630388532,0,-1,1
940,formation,1630388533,0,-1,1
941,formation,1630388534,0,-1,1
942,formation,1630388535,0,-1,1
943,formation,1630388536,0,-1,1
944,formation,1630388537,0,-1,1
945,formation,1630388538,0,-1,1
946,formation,1630388539,0,-1,1
947,formation,1630388540,0,-1,1
948,formation,1630388541,0,-1,1
949,formation,1630388542,0,-1,1
950,formation,1630388543,0,-1,1
951,formation,1630388544,0,-1,1
952,formation,1630388545,0,-1,1
953,formation,1630388546,0,-1,1
954,formation,1630388547,0,-1,1
955,formation,1630388548,0,-1,1
956,formation,1630388549,0,-1,1
957,formation,1630388550,0,-1,1
958,formation,1630388551,0,-1,1
959,formation,1630388552,0,-1,1
960,formation,1630388553,0,-1,1
961,formation,1630388554,0,-1,1
962,formation,1630388555,0,-1,1
963,formation,1630388556,0,-1,1
964,formation,1630388557,0,-1,1
965,formation,1630388558,0,-1,0
966,formation,1630388559,0,-1,0
967,formation,1630388560,0,-1,0
968,formation,1630388561,0,-1,0
969,formation,1630388562,0,-1,0
970,formation,1630388563,0,-1,0
971,formation,1630388564,0,-1,0
972,formation,1630388565,0,-1,0
973,formation,1630388566,0,-1,0
974,formation,1630388567,0,-1,0
975,formation,1630388568,0,-1,0
976,formation,1630388569,0,-1,0
977,formation,1630388570,0,-1,0
978,formation,1630388571,0,-1,0
979,formation,1630388572,0,-1,0
980,formation,1630388573,0,-1,0
981,formation,1630388574,0,-1,0
982,formation,1630388575,0,-1,0
983,formation,1630388576,0,-1,0
984,formation,1630388577,0,-1,0
985,formation,1630388578,0,-1,0
986,formation,1630388579,0,-1,0
987,formation,1630388580,0,-1,0
988,formation,1630388581,0,-1,0
989,formation,1630388582,0,-1,0
990,formation,1630388583,0,-1,0
991,formation,1630388584,0,-1,0
992,formation,1630388585,0,-1,0
993,formation,1630388586,0,-1,0
994,formation,1630388587,0,-1,0
995,formation,1630388588,0,-1,0
996,formation,1630388589,0,-1,0
997,formation,1630388590,0,-1,0
998,formation,1630388591,0,-1,0
999,formation,1630388592,0,-1,0
1000,formation,1630388593,0,-1,0
1001,formation,1630388594,0,-1,0
1002,formation,1630388595,0,-1,0
1003,formation,1630388596,0,-1,0
1004,formation,1630388597,0,-1,0
1005,formation,1630388598,0,-1,0
1006,formation,1630388599,0,-1,0
1007,formation,1630388600,0,-1,0
1008,formation,1630388601,0,-1,0
1009,formation,1630388602,0,-1,0
1010,formation,1630388603,0,-1,0
1011,formation,1630388604,0,-1,0
1012,formation,1630388605,0,-1,0
1013,formation,1630388606,0,-1,0
1014,formation,1630388607,0,-1,0
1015,formation,1630388608,0,-1,0
1016,formation,1630388609,0,-1,0
1017,formation,1630388610,0,-1,0
1018,formation,1630388611,0,-1,0
1019,formation,1630388612,0,-1,0
1020,formation,1630388613,0,-1,0
1021,formation,1630388614,0,-1,0
1022,formation,1630388615,0,-1,0
1023,formation,1630388616,0,-1,0
1024,formation,1630388617,0,-1,0
1025,formation,1630388618,0,-1,0
1026,formation,1630388619,0,-1,0
1027,formation,1630388620,0,-1,0
1028,formation,1630388621,0,-1,0
1029,formation,1630388622,0,-1,0
1030,formation,1630388623,0,-1,0
1031,formation,1630388624,0,-1,0
1032,formation,1630388625,0,-1,0
1033,formation,1630388626,0,-1,0
1034,formation,1630388627,0,-1,0
1035,formation,1630388628,0,-1,0
1036,formation,1630388629,0,-1,0
1037,formation,1630388630,0,-1,0
1038,formation,1630388631,0,-1,0
1039,formation,1630388632,0,-1,0
1040,formation,1630388633,0,-1,0
1041,formation,1630388634,0,-1,0
1042,formation,1630388635,0,-1,0
1043,formation,1630388636,0,-1,0
1044,formation,1630388637,0,-1,0
1045,formation,1630388638,0,-1,0
1046,formation,1630388639,0,-1,0
1047,formation,1630388640,0,-1,0
1048,formation,1630388641,0,-1,0
1049,formation,1630388642,0,-1,0
1050,formation,1630388643,0,-1,0
1051,formation,1630388644,0,-1,0
1052,formation,1630388645,0,-1,0
1053,formation,1630388646,0,-1,0
1054,formation,1630388647,0,-1,0
1055,formation,1630388648,0,-1,0
1056,formation,1630388649,0,-1,0
1057,formation,1630388650,0,-1,0
1058,formation,1630388651,0,-1,0
1059,formation,1630388652,0,-1,0
1060,formation,1630388653,0,-1,0
1061,formation,1630388654,0,-1,0
1062,formation,1630388655,0,-1,0
1063,formation,1630388656,0,-1,0
1064,formation,1630388657,0,-1,0
1065,formation,1630388658,0,-1,0
1066,formation,1630388659,0,-1,0
1067,formation,1630388660,0,-1,0
1068,formation,1630388661,0,-1,0
1069,formation,1630388662,0,-1,0
1070,formation,1630388663,0,-1,0
1071,formation,1630388664,0,-1,0
1072,formation,1630388665,0,-1,0
1073,formation,1630388666,0,-1,0
1074,formation,1630388667,0,-1,0
1075,formation,1630388668,0,-1,0
1076,formation,1630388669,0,-1,0
1077,formation,1630388670,0,-1,0
1078,formation,1630388671,0,-1,0
1079,formation,1630388672,0,-1,0
1080,formation,1630388673,0,-1,0
1081,formation,1630388674,0,-1,0
1082,formation,1630388675,0,-1,0
1083,formation,1630388676,0,-1,0
1084,formation,1630388677,0,-1,0
1085,formation,1630388678,0,-1,0
1086,formation,1630388679,0,-1,0
1087,formation,1630388680,0,-1,0
1088,formation,1630388681,0,-1,0
1089,formation,1630388682,0,-1,0
1090,formation,1630388683,0,-1,0
1091,formation,1630388684,0,-1,1
1092,formation,1630388685,0,-1,0
1093,formation,1630388686,0,-1,0
1094,formation,1630388687,0,-1,0
1095,formation,1630388688,0,-1,0
1096,formation,1630388689,0,-1,0
